DATA_EXIBICAO;TITULO_ORIGINAL;TITULO_BRASIL;CPB_ROE;PAIS_OBRA;REGISTRO_SALA;NOME_SALA;PUBLICO;REGISTRO_GRUPO_EXIBIDOR;REGISTRO_EXIBIDOR;REGISTRO_COMPLEXO;MUNICIPIO_SALA_COMPLEXO;UF_SALA_COMPLEXO;RAZAO_SOCIAL_DISTRIBUIDORA;CNPJ_DISTRIBUIDORA;NR_PROTOCOLO_ENVIO;DATA_HORA_ENVIO_PROTOCOLO
01/05/2020;1917;1917;E1900439000000;ESTADOS UNIDOS;5002102;CINE DRIVEIN;221;;5465;6715;BRASÍLIA;DF;UNIVERSAL PICTURES INTERNATIONAL BRAZIL LTDA.;24.810.280/0001-61;303970662000720;10/06/2020 03:07:33
01/05/2020;JOKER;CORINGA;E1900357300000;CANADÁ;5005024;CINE GLOBO SANTA ROSA;6;6000010;20979;29163;SANTA ROSA;RS;WARNER BROS. (SOUTH) INC.;33.015.827/0001-28;30000320000620;10/06/2020 03:10:28
01/05/2020;JUST MERCY;LUTA POR JUSTIÇA;E1900587300000;ESTADOS UNIDOS;5002102;CINE DRIVEIN;242;;5465;6715;BRASÍLIA;DF;WARNER BROS. (SOUTH) INC.;33.015.827/0001-28;30000320000620;10/06/2020 03:10:28
01/05/2020;SMALLFOOT;PÉPEQUENO;E1800215200000;ESTADOS UNIDOS;5002102;CINE DRIVEIN;256;;5465;6715;BRASÍLIA;DF;WARNER BROS. (SOUTH) INC.;33.015.827/0001-28;30000320000620;10/06/2020 03:10:28
01/05/2020;THE CURSE OF LA LLORONA;A MALDIÇÃO DA CHORONA;E1800606100000;ESTADOS UNIDOS;5005024;CINE GLOBO SANTA ROSA;8;6000010;20979;29163;SANTA ROSA;RS;WARNER BROS. (SOUTH) INC.;33.015.827/0001-28;30000320000620;10/06/2020 03:10:28
01/05/2020;THE TURNING;OS ÓRFÃOS;E1900570900000;ESTADOS UNIDOS;5005024;CINE GLOBO SANTA ROSA;2;6000010;20979;29163;SANTA ROSA;RS;UNIVERSAL PICTURES INTERNATIONAL BRAZIL LTDA.;24.810.280/0001-61;303970662000720;10/06/2020 03:07:33
02/05/2020;1917;1917;E1900439000000;ESTADOS UNIDOS;5002102;CINE DRIVEIN;282;;5465;6715;BRASÍLIA;DF;UNIVERSAL PICTURES INTERNATIONAL BRAZIL LTDA.;24.810.280/0001-61;303970662000720;10/06/2020 03:07:33
02/05/2020;AQUAMAN;AQUAMAN;E1800433400000;ESTADOS UNIDOS;5004899;CINE TEATRO GLOBO;2;6000010;20979;20980;TRÊS PASSOS;RS;WARNER BROS. (SOUTH) INC.;33.015.827/0001-28;30000320000620;10/06/2020 03:10:28
02/05/2020;JOKER;CORINGA;E1900357300000;CANADÁ;5005024;CINE GLOBO SANTA ROSA;2;6000010;20979;29163;SANTA ROSA;RS;WARNER BROS. (SOUTH) INC.;33.015.827/0001-28;30000320000620;10/06/2020 03:10:28
02/05/2020;JOKER;CORINGA;E1900357300000;CANADÁ;5004899;CINE TEATRO GLOBO;2;6000010;20979;20980;TRÊS PASSOS;RS;WARNER BROS. (SOUTH) INC.;33.015.827/0001-28;30000320000620;10/06/2020 03:10:28
02/05/2020;JUST MERCY;LUTA POR JUSTIÇA;E1900587300000;ESTADOS UNIDOS;5002102;CINE DRIVEIN;312;;5465;6715;BRASÍLIA;DF;WARNER BROS. (SOUTH) INC.;33.015.827/0001-28;30000320000620;10/06/2020 03:10:28
02/05/2020;SMALLFOOT;PÉPEQUENO;E1800215200000;ESTADOS UNIDOS;5002102;CINE DRIVEIN;251;;5465;6715;BRASÍLIA;DF;WARNER BROS. (SOUTH) INC.;33.015.827/0001-28;30000320000620;10/06/2020 03:10:28
02/05/2020;THE CURSE OF LA LLORONA;A MALDIÇÃO DA CHORONA;E1800606100000;ESTADOS UNIDOS;5005024;CINE GLOBO SANTA ROSA;4;6000010;20979;29163;SANTA ROSA;RS;WARNER BROS. (SOUTH) INC.;33.015.827/0001-28;30000320000620;10/06/2020 03:10:28
02/05/2020;THE CURSE OF LA LLORONA;A MALDIÇÃO DA CHORONA;E1800606100000;ESTADOS UNIDOS;5004899;CINE TEATRO GLOBO;12;6000010;20979;20980;TRÊS PASSOS;RS;WARNER BROS. (SOUTH) INC.;33.015.827/0001-28;30000320000620;10/06/2020 03:10:28
02/05/2020;THE TURNING;OS ÓRFÃOS;E1900570900000;ESTADOS UNIDOS;5004899;CINE TEATRO GLOBO;2;6000010;20979;20980;TRÊS PASSOS;RS;UNIVERSAL PICTURES INTERNATIONAL BRAZIL LTDA.;24.810.280/0001-61;303970662000720;10/06/2020 03:07:33
03/05/2020;1917;1917;E1900439000000;ESTADOS UNIDOS;5002102;CINE DRIVEIN;104;;5465;6715;BRASÍLIA;DF;UNIVERSAL PICTURES INTERNATIONAL BRAZIL LTDA.;24.810.280/0001-61;303970662000720;10/06/2020 03:07:33
03/05/2020;JOKER;CORINGA;E1900357300000;CANADÁ;5005024;CINE GLOBO SANTA ROSA;6;6000010;20979;29163;SANTA ROSA;RS;WARNER BROS. (SOUTH) INC.;33.015.827/0001-28;30000320000620;10/06/2020 03:10:28
03/05/2020;JUST MERCY;LUTA POR JUSTIÇA;E1900587300000;ESTADOS UNIDOS;5002102;CINE DRIVEIN;202;;5465;6715;BRASÍLIA;DF;WARNER BROS. (SOUTH) INC.;33.015.827/0001-28;30000320000620;10/06/2020 03:10:28
03/05/2020;SMALLFOOT;PÉPEQUENO;E1800215200000;ESTADOS UNIDOS;5002102;CINE DRIVEIN;264;;5465;6715;BRASÍLIA;DF;WARNER BROS. (SOUTH) INC.;33.015.827/0001-28;30000320000620;10/06/2020 03:10:28
03/05/2020;THE CURSE OF LA LLORONA;A MALDIÇÃO DA CHORONA;E1800606100000;ESTADOS UNIDOS;5005024;CINE GLOBO SANTA ROSA;6;6000010;20979;29163;SANTA ROSA;RS;WARNER BROS. (SOUTH) INC.;33.015.827/0001-28;30000320000620;10/06/2020 03:10:28
03/05/2020;THE TURNING;OS ÓRFÃOS;E1900570900000;ESTADOS UNIDOS;5005024;CINE GLOBO SANTA ROSA;2;6000010;20979;29163;SANTA ROSA;RS;UNIVERSAL PICTURES INTERNATIONAL BRAZIL LTDA.;24.810.280/0001-61;303970662000720;10/06/2020 03:07:33
04/05/2020;1917;1917;E1900439000000;ESTADOS UNIDOS;5002102;CINE DRIVEIN;70;;5465;6715;BRASÍLIA;DF;UNIVERSAL PICTURES INTERNATIONAL BRAZIL LTDA.;24.810.280/0001-61;303970662000720;10/06/2020 03:07:33
04/05/2020;A STAR IS BORN;NASCE UMA ESTRELA;E1800303500000;ESTADOS UNIDOS;5006547;LITORAL PLAZA DRIVE-IN;63;6000027;22546;41704;PRAIA GRANDE;SP;WARNER BROS. (SOUTH) INC.;33.015.827/0001-28;30000320000620;10/06/2020 03:10:28
04/05/2020;JOKER;CORINGA;E1900357300000;CANADÁ;5005024;CINE GLOBO SANTA ROSA;13;6000010;20979;29163;SANTA ROSA;RS;WARNER BROS. (SOUTH) INC.;33.015.827/0001-28;30000320000620;10/06/2020 03:10:28
04/05/2020;JOKER;CORINGA;E1900357300000;CANADÁ;5004899;CINE TEATRO GLOBO;4;6000010;20979;20980;TRÊS PASSOS;RS;WARNER BROS. (SOUTH) INC.;33.015.827/0001-28;30000320000620;10/06/2020 03:10:28
04/05/2020;JUST MERCY;LUTA POR JUSTIÇA;E1900587300000;ESTADOS UNIDOS;5002102;CINE DRIVEIN;99;;5465;6715;BRASÍLIA;DF;WARNER BROS. (SOUTH) INC.;33.015.827/0001-28;30000320000620;10/06/2020 03:10:28
04/05/2020;SMALLFOOT;PÉPEQUENO;E1800215200000;ESTADOS UNIDOS;5002102;CINE DRIVEIN;119;;5465;6715;BRASÍLIA;DF;WARNER BROS. (SOUTH) INC.;33.015.827/0001-28;30000320000620;10/06/2020 03:10:28
05/05/2020;1917;1917;E1900439000000;ESTADOS UNIDOS;5002102;CINE DRIVEIN;109;;5465;6715;BRASÍLIA;DF;UNIVERSAL PICTURES INTERNATIONAL BRAZIL LTDA.;24.810.280/0001-61;303970662000720;10/06/2020 03:07:33
05/05/2020;A STAR IS BORN;NASCE UMA ESTRELA;E1800303500000;ESTADOS UNIDOS;5006547;LITORAL PLAZA DRIVE-IN;56;6000027;22546;41704;PRAIA GRANDE;SP;WARNER BROS. (SOUTH) INC.;33.015.827/0001-28;30000320000620;10/06/2020 03:10:28
05/05/2020;JUST MERCY;LUTA POR JUSTIÇA;E1900587300000;ESTADOS UNIDOS;5002102;CINE DRIVEIN;163;;5465;6715;BRASÍLIA;DF;WARNER BROS. (SOUTH) INC.;33.015.827/0001-28;30000320000620;10/06/2020 03:10:28
05/05/2020;SMALLFOOT;PÉPEQUENO;E1800215200000;ESTADOS UNIDOS;5002102;CINE DRIVEIN;178;;5465;6715;BRASÍLIA;DF;WARNER BROS. (SOUTH) INC.;33.015.827/0001-28;30000320000620;10/06/2020 03:10:28
05/05/2020;THE CURSE OF LA LLORONA;A MALDIÇÃO DA CHORONA;E1800606100000;ESTADOS UNIDOS;5005024;CINE GLOBO SANTA ROSA;7;6000010;20979;29163;SANTA ROSA;RS;WARNER BROS. (SOUTH) INC.;33.015.827/0001-28;30000320000620;10/06/2020 03:10:28
06/05/2020;1917;1917;E1900439000000;ESTADOS UNIDOS;5002102;CINE DRIVEIN;156;;5465;6715;BRASÍLIA;DF;UNIVERSAL PICTURES INTERNATIONAL BRAZIL LTDA.;24.810.280/0001-61;303970662000720;10/06/2020 03:07:33
06/05/2020;A STAR IS BORN;NASCE UMA ESTRELA;E1800303500000;ESTADOS UNIDOS;5006547;LITORAL PLAZA DRIVE-IN;81;6000027;22546;41704;PRAIA GRANDE;SP;WARNER BROS. (SOUTH) INC.;33.015.827/0001-28;30000320000620;10/06/2020 03:10:28
06/05/2020;AQUAMAN;AQUAMAN;E1800433400000;ESTADOS UNIDOS;5005024;CINE GLOBO SANTA ROSA;2;6000010;20979;29163;SANTA ROSA;RS;WARNER BROS. (SOUTH) INC.;33.015.827/0001-28;30000320000620;10/06/2020 03:10:28
06/05/2020;JUST MERCY;LUTA POR JUSTIÇA;E1900587300000;ESTADOS UNIDOS;5002102;CINE DRIVEIN;213;;5465;6715;BRASÍLIA;DF;WARNER BROS. (SOUTH) INC.;33.015.827/0001-28;30000320000620;10/06/2020 03:10:28
06/05/2020;SMALLFOOT;PÉPEQUENO;E1800215200000;ESTADOS UNIDOS;5002102;CINE DRIVEIN;280;;5465;6715;BRASÍLIA;DF;WARNER BROS. (SOUTH) INC.;33.015.827/0001-28;30000320000620;10/06/2020 03:10:28
07/05/2020;A STAR IS BORN;NASCE UMA ESTRELA;E1800303500000;ESTADOS UNIDOS;5006547;LITORAL PLAZA DRIVE-IN;135;6000027;22546;41704;PRAIA GRANDE;SP;WARNER BROS. (SOUTH) INC.;33.015.827/0001-28;30000320000620;10/06/2020 03:10:28
07/05/2020;DOCTOR SLEEP;DOUTOR SONO;E1900463600000;ESTADOS UNIDOS;5002102;CINE DRIVEIN;125;;5465;6715;BRASÍLIA;DF;WARNER BROS. (SOUTH) INC.;33.015.827/0001-28;30000320000620;10/06/2020 03:10:28
07/05/2020;GRETEL & HANSEL (2020);MARIA E JOÃO - O CONTO DAS BRUXAS;E1900467000000;ESTADOS UNIDOS;5006194;LITORAL PLAZA 02;102;6000027;22546;41704;PRAIA GRANDE;SP;WMIX DISTRIBUIDORA LTDA.;03.918.609/0001-32;30005807001920;09/09/2020 10:53:47
07/05/2020;SMALLFOOT;PÉPEQUENO;E1800215200000;ESTADOS UNIDOS;5002102;CINE DRIVEIN;108;;5465;6715;BRASÍLIA;DF;WARNER BROS. (SOUTH) INC.;33.015.827/0001-28;30000320000620;10/06/2020 03:10:28
07/05/2020;SONIC THE HEDGEHOG;SONIC - O FILME;E2000012200000;CANADÁ;5002102;CINE DRIVEIN;130;;5465;6715;BRASÍLIA;DF;PARAMOUNT PICTURES BRASIL DISTRIBUIDORA DE FILMES LTDA;27.654.722/0001-16;30004041000520;10/06/2020 03:09:33
07/05/2020;THE QUEEN´S CORGI;THE QUEEN'S CORGI;E1900148700000;BÉLGICA;5006194;LITORAL PLAZA 02;122;6000027;22546;41704;PRAIA GRANDE;SP;WMIX DISTRIBUIDORA LTDA.;03.918.609/0001-32;30005807001920;09/09/2020 10:53:47
08/05/2020;A STAR IS BORN;NASCE UMA ESTRELA;E1800303500000;ESTADOS UNIDOS;5006547;LITORAL PLAZA DRIVE-IN;82;6000027;22546;41704;PRAIA GRANDE;SP;WARNER BROS. (SOUTH) INC.;33.015.827/0001-28;30000320000620;10/06/2020 03:10:28
08/05/2020;DOCTOR SLEEP;DOUTOR SONO;E1900463600000;ESTADOS UNIDOS;5002102;CINE DRIVEIN;244;;5465;6715;BRASÍLIA;DF;WARNER BROS. (SOUTH) INC.;33.015.827/0001-28;30000320000620;10/06/2020 03:10:28
08/05/2020;SMALLFOOT;PÉPEQUENO;E1800215200000;ESTADOS UNIDOS;5002102;CINE DRIVEIN;227;;5465;6715;BRASÍLIA;DF;WARNER BROS. (SOUTH) INC.;33.015.827/0001-28;30000320000620;10/06/2020 03:10:28
08/05/2020;SONIC THE HEDGEHOG;SONIC - O FILME;E2000012200000;CANADÁ;5002102;CINE DRIVEIN;268;;5465;6715;BRASÍLIA;DF;PARAMOUNT PICTURES BRASIL DISTRIBUIDORA DE FILMES LTDA;27.654.722/0001-16;30004041000520;10/06/2020 03:09:33
09/05/2020;A STAR IS BORN;NASCE UMA ESTRELA;E1800303500000;ESTADOS UNIDOS;5006547;LITORAL PLAZA DRIVE-IN;117;6000027;22546;41704;PRAIA GRANDE;SP;WARNER BROS. (SOUTH) INC.;33.015.827/0001-28;30000320000620;10/06/2020 03:10:28
09/05/2020;DOCTOR SLEEP;DOUTOR SONO;E1900463600000;ESTADOS UNIDOS;5002102;CINE DRIVEIN;158;;5465;6715;BRASÍLIA;DF;WARNER BROS. (SOUTH) INC.;33.015.827/0001-28;30000320000620;10/06/2020 03:10:28
09/05/2020;IT: CHAPTER TWO;IT - CAPÍTULO DOIS;E1900346500000;ESTADOS UNIDOS;5005024;CINE GLOBO SANTA ROSA;2;6000010;20979;29163;SANTA ROSA;RS;WARNER BROS. (SOUTH) INC.;33.015.827/0001-28;30000320000620;10/06/2020 03:10:28
09/05/2020;SMALLFOOT;PÉPEQUENO;E1800215200000;ESTADOS UNIDOS;5002102;CINE DRIVEIN;264;;5465;6715;BRASÍLIA;DF;WARNER BROS. (SOUTH) INC.;33.015.827/0001-28;30000320000620;10/06/2020 03:10:28
09/05/2020;SONIC THE HEDGEHOG;SONIC - O FILME;E2000012200000;CANADÁ;5002102;CINE DRIVEIN;219;;5465;6715;BRASÍLIA;DF;PARAMOUNT PICTURES BRASIL DISTRIBUIDORA DE FILMES LTDA;27.654.722/0001-16;30004041000520;10/06/2020 03:09:33
09/05/2020;THE INVISIBLE MAN;O HOMEM INVISÍVEL;E1900438600000;AUSTRÁLIA;5005024;CINE GLOBO SANTA ROSA;1;6000010;20979;29163;SANTA ROSA;RS;UNIVERSAL PICTURES INTERNATIONAL BRAZIL LTDA.;24.810.280/0001-61;303970662000720;10/06/2020 03:07:33
10/05/2020;A STAR IS BORN;NASCE UMA ESTRELA;E1800303500000;ESTADOS UNIDOS;5006547;LITORAL PLAZA DRIVE-IN;55;6000027;22546;41704;PRAIA GRANDE;SP;WARNER BROS. (SOUTH) INC.;33.015.827/0001-28;30000320000620;10/06/2020 03:10:28
10/05/2020;DOCTOR SLEEP;DOUTOR SONO;E1900463600000;ESTADOS UNIDOS;5002102;CINE DRIVEIN;154;;5465;6715;BRASÍLIA;DF;WARNER BROS. (SOUTH) INC.;33.015.827/0001-28;30000320000620;10/06/2020 03:10:28
10/05/2020;SMALLFOOT;PÉPEQUENO;E1800215200000;ESTADOS UNIDOS;5002102;CINE DRIVEIN;174;;5465;6715;BRASÍLIA;DF;WARNER BROS. (SOUTH) INC.;33.015.827/0001-28;30000320000620;10/06/2020 03:10:28
10/05/2020;SONIC THE HEDGEHOG;SONIC - O FILME;E2000012200000;CANADÁ;5002102;CINE DRIVEIN;154;;5465;6715;BRASÍLIA;DF;PARAMOUNT PICTURES BRASIL DISTRIBUIDORA DE FILMES LTDA;27.654.722/0001-16;30004041000520;10/06/2020 03:09:33
10/05/2020;THE CURSE OF LA LLORONA;A MALDIÇÃO DA CHORONA;E1800606100000;ESTADOS UNIDOS;5005024;CINE GLOBO SANTA ROSA;2;6000010;20979;29163;SANTA ROSA;RS;WARNER BROS. (SOUTH) INC.;33.015.827/0001-28;30000320000620;10/06/2020 03:10:28
10/05/2020;THE INVISIBLE MAN;O HOMEM INVISÍVEL;E1900438600000;AUSTRÁLIA;5005024;CINE GLOBO SANTA ROSA;2;6000010;20979;29163;SANTA ROSA;RS;UNIVERSAL PICTURES INTERNATIONAL BRAZIL LTDA.;24.810.280/0001-61;303970662000720;10/06/2020 03:07:33
11/05/2020;A STAR IS BORN;NASCE UMA ESTRELA;E1800303500000;ESTADOS UNIDOS;5006547;LITORAL PLAZA DRIVE-IN;41;6000027;22546;41704;PRAIA GRANDE;SP;WARNER BROS. (SOUTH) INC.;33.015.827/0001-28;30000320000620;10/06/2020 03:10:28
11/05/2020;DOCTOR SLEEP;DOUTOR SONO;E1900463600000;ESTADOS UNIDOS;5002102;CINE DRIVEIN;86;;5465;6715;BRASÍLIA;DF;WARNER BROS. (SOUTH) INC.;33.015.827/0001-28;30000320000620;10/06/2020 03:10:28
11/05/2020;SMALLFOOT;PÉPEQUENO;E1800215200000;ESTADOS UNIDOS;5002102;CINE DRIVEIN;123;;5465;6715;BRASÍLIA;DF;WARNER BROS. (SOUTH) INC.;33.015.827/0001-28;30000320000620;10/06/2020 03:10:28
11/05/2020;SONIC THE HEDGEHOG;SONIC - O FILME;E2000012200000;CANADÁ;5002102;CINE DRIVEIN;151;;5465;6715;BRASÍLIA;DF;PARAMOUNT PICTURES BRASIL DISTRIBUIDORA DE FILMES LTDA;27.654.722/0001-16;30004041000520;10/06/2020 03:09:33
12/05/2020;A STAR IS BORN;NASCE UMA ESTRELA;E1800303500000;ESTADOS UNIDOS;5006547;LITORAL PLAZA DRIVE-IN;50;6000027;22546;41704;PRAIA GRANDE;SP;WARNER BROS. (SOUTH) INC.;33.015.827/0001-28;30000320000620;10/06/2020 03:10:28
12/05/2020;DOCTOR SLEEP;DOUTOR SONO;E1900463600000;ESTADOS UNIDOS;5002102;CINE DRIVEIN;148;;5465;6715;BRASÍLIA;DF;WARNER BROS. (SOUTH) INC.;33.015.827/0001-28;30000320000620;10/06/2020 03:10:28
12/05/2020;IT: CHAPTER TWO;IT - CAPÍTULO DOIS;E1900346500000;ESTADOS UNIDOS;5005024;CINE GLOBO SANTA ROSA;3;6000010;20979;29163;SANTA ROSA;RS;WARNER BROS. (SOUTH) INC.;33.015.827/0001-28;30000320000620;10/06/2020 03:10:28
12/05/2020;SMALLFOOT;PÉPEQUENO;E1800215200000;ESTADOS UNIDOS;5002102;CINE DRIVEIN;156;;5465;6715;BRASÍLIA;DF;WARNER BROS. (SOUTH) INC.;33.015.827/0001-28;30000320000620;10/06/2020 03:10:28
12/05/2020;SONIC THE HEDGEHOG;SONIC - O FILME;E2000012200000;CANADÁ;5002102;CINE DRIVEIN;149;;5465;6715;BRASÍLIA;DF;PARAMOUNT PICTURES BRASIL DISTRIBUIDORA DE FILMES LTDA;27.654.722/0001-16;30004041000520;10/06/2020 03:09:33
13/05/2020;A STAR IS BORN;NASCE UMA ESTRELA;E1800303500000;ESTADOS UNIDOS;5006547;LITORAL PLAZA DRIVE-IN;62;6000027;22546;41704;PRAIA GRANDE;SP;WARNER BROS. (SOUTH) INC.;33.015.827/0001-28;30000320000620;10/06/2020 03:10:28
13/05/2020;DOCTOR SLEEP;DOUTOR SONO;E1900463600000;ESTADOS UNIDOS;5002102;CINE DRIVEIN;192;;5465;6715;BRASÍLIA;DF;WARNER BROS. (SOUTH) INC.;33.015.827/0001-28;30000320000620;10/06/2020 03:10:28
13/05/2020;SMALLFOOT;PÉPEQUENO;E1800215200000;ESTADOS UNIDOS;5002102;CINE DRIVEIN;261;;5465;6715;BRASÍLIA;DF;WARNER BROS. (SOUTH) INC.;33.015.827/0001-28;30000320000620;10/06/2020 03:10:28
13/05/2020;SONIC THE HEDGEHOG;SONIC - O FILME;E2000012200000;CANADÁ;5002102;CINE DRIVEIN;218;;5465;6715;BRASÍLIA;DF;PARAMOUNT PICTURES BRASIL DISTRIBUIDORA DE FILMES LTDA;27.654.722/0001-16;30004041000520;10/06/2020 03:09:33
13/05/2020;THE INVISIBLE MAN;O HOMEM INVISÍVEL;E1900438600000;AUSTRÁLIA;5005024;CINE GLOBO SANTA ROSA;16;6000010;20979;29163;SANTA ROSA;RS;UNIVERSAL PICTURES INTERNATIONAL BRAZIL LTDA.;24.810.280/0001-61;303970662000720;10/06/2020 03:07:33
14/05/2020;CREED II;CREED II;E1800555200000;ESTADOS UNIDOS;5002102;CINE DRIVEIN;103;;5465;6715;BRASÍLIA;DF;WARNER BROS. (SOUTH) INC.;33.015.827/0001-28;30000320000620;10/06/2020 03:10:28
14/05/2020;DOLITTLE;DOLITTLE;E1900437900000;ESTADOS UNIDOS;5006547;LITORAL PLAZA DRIVE-IN;6;6000027;22546;41704;PRAIA GRANDE;SP;UNIVERSAL PICTURES INTERNATIONAL BRAZIL LTDA.;24.810.280/0001-61;303970662000720;10/06/2020 03:07:33
14/05/2020;QUEEN OF SPADES: THROUGH THE LOOKING GLASS;A MALDIÇÃO DO ESPELHO;E1900574500000;RÚSSIA;5006547;LITORAL PLAZA DRIVE-IN;15;6000027;22546;41704;PRAIA GRANDE;SP;SM DISTRIBUIDORA DE FILMES LTDA;08.257.054/0001-49;30011026000620;11/09/2020 15:32:24
14/05/2020;SONIC THE HEDGEHOG;SONIC - O FILME;E2000012200000;CANADÁ;5002102;CINE DRIVEIN;109;;5465;6715;BRASÍLIA;DF;PARAMOUNT PICTURES BRASIL DISTRIBUIDORA DE FILMES LTDA;27.654.722/0001-16;30004041000520;10/06/2020 03:09:33
14/05/2020;THE LEGO MOVIE 2: THE SECOND PART;UMA AVENTURA LEGO 2;E1900024100000;AUSTRÁLIA;5002102;CINE DRIVEIN;125;;5465;6715;BRASÍLIA;DF;WARNER BROS. (SOUTH) INC.;33.015.827/0001-28;30000320000620;10/06/2020 03:10:28
14/05/2020;THE QUEEN´S CORGI;THE QUEEN'S CORGI;E1900148700000;BÉLGICA;5006194;LITORAL PLAZA 02;34;6000027;22546;41704;PRAIA GRANDE;SP;WMIX DISTRIBUIDORA LTDA.;03.918.609/0001-32;30005807001920;09/09/2020 10:53:47
15/05/2020;CREED II;CREED II;E1800555200000;ESTADOS UNIDOS;5002102;CINE DRIVEIN;172;;5465;6715;BRASÍLIA;DF;WARNER BROS. (SOUTH) INC.;33.015.827/0001-28;30000320000620;10/06/2020 03:10:28
15/05/2020;DOLITTLE;DOLITTLE;E1900437900000;ESTADOS UNIDOS;5006547;LITORAL PLAZA DRIVE-IN;55;6000027;22546;41704;PRAIA GRANDE;SP;UNIVERSAL PICTURES INTERNATIONAL BRAZIL LTDA.;24.810.280/0001-61;303970662000720;10/06/2020 03:07:33
15/05/2020;QUEEN OF SPADES: THROUGH THE LOOKING GLASS;A MALDIÇÃO DO ESPELHO;E1900574500000;RÚSSIA;5006547;LITORAL PLAZA DRIVE-IN;82;6000027;22546;41704;PRAIA GRANDE;SP;SM DISTRIBUIDORA DE FILMES LTDA;08.257.054/0001-49;30011026000620;11/09/2020 15:32:24
15/05/2020;SONIC THE HEDGEHOG;SONIC - O FILME;E2000012200000;CANADÁ;5002102;CINE DRIVEIN;205;;5465;6715;BRASÍLIA;DF;PARAMOUNT PICTURES BRASIL DISTRIBUIDORA DE FILMES LTDA;27.654.722/0001-16;30004041000520;10/06/2020 03:09:33
15/05/2020;THE LEGO MOVIE 2: THE SECOND PART;UMA AVENTURA LEGO 2;E1900024100000;AUSTRÁLIA;5002102;CINE DRIVEIN;228;;5465;6715;BRASÍLIA;DF;WARNER BROS. (SOUTH) INC.;33.015.827/0001-28;30000320000620;10/06/2020 03:10:28
16/05/2020;CREED II;CREED II;E1800555200000;ESTADOS UNIDOS;5002102;CINE DRIVEIN;267;;5465;6715;BRASÍLIA;DF;WARNER BROS. (SOUTH) INC.;33.015.827/0001-28;30000320000620;10/06/2020 03:10:28
16/05/2020;DOLITTLE;DOLITTLE;E1900437900000;ESTADOS UNIDOS;5006547;LITORAL PLAZA DRIVE-IN;130;6000027;22546;41704;PRAIA GRANDE;SP;UNIVERSAL PICTURES INTERNATIONAL BRAZIL LTDA.;24.810.280/0001-61;303970662000720;10/06/2020 03:07:33
16/05/2020;QUEEN OF SPADES: THROUGH THE LOOKING GLASS;A MALDIÇÃO DO ESPELHO;E1900574500000;RÚSSIA;5006547;LITORAL PLAZA DRIVE-IN;128;6000027;22546;41704;PRAIA GRANDE;SP;SM DISTRIBUIDORA DE FILMES LTDA;08.257.054/0001-49;30011026000620;11/09/2020 15:32:24
16/05/2020;SONIC THE HEDGEHOG;SONIC - O FILME;E2000012200000;CANADÁ;5002102;CINE DRIVEIN;251;;5465;6715;BRASÍLIA;DF;PARAMOUNT PICTURES BRASIL DISTRIBUIDORA DE FILMES LTDA;27.654.722/0001-16;30004041000520;10/06/2020 03:09:33
16/05/2020;THE LEGO MOVIE 2: THE SECOND PART;UMA AVENTURA LEGO 2;E1900024100000;AUSTRÁLIA;5002102;CINE DRIVEIN;285;;5465;6715;BRASÍLIA;DF;WARNER BROS. (SOUTH) INC.;33.015.827/0001-28;30000320000620;10/06/2020 03:10:28
17/05/2020;CREED II;CREED II;E1800555200000;ESTADOS UNIDOS;5002102;CINE DRIVEIN;182;;5465;6715;BRASÍLIA;DF;WARNER BROS. (SOUTH) INC.;33.015.827/0001-28;30000320000620;10/06/2020 03:10:28
17/05/2020;DOLITTLE;DOLITTLE;E1900437900000;ESTADOS UNIDOS;5006547;LITORAL PLAZA DRIVE-IN;120;6000027;22546;41704;PRAIA GRANDE;SP;UNIVERSAL PICTURES INTERNATIONAL BRAZIL LTDA.;24.810.280/0001-61;303970662000720;10/06/2020 03:07:33
17/05/2020;QUEEN OF SPADES: THROUGH THE LOOKING GLASS;A MALDIÇÃO DO ESPELHO;E1900574500000;RÚSSIA;5006547;LITORAL PLAZA DRIVE-IN;42;6000027;22546;41704;PRAIA GRANDE;SP;SM DISTRIBUIDORA DE FILMES LTDA;08.257.054/0001-49;30011026000620;11/09/2020 15:32:24
17/05/2020;SONIC THE HEDGEHOG;SONIC - O FILME;E2000012200000;CANADÁ;5002102;CINE DRIVEIN;190;;5465;6715;BRASÍLIA;DF;PARAMOUNT PICTURES BRASIL DISTRIBUIDORA DE FILMES LTDA;27.654.722/0001-16;30004041000520;10/06/2020 03:09:33
17/05/2020;THE LEGO MOVIE 2: THE SECOND PART;UMA AVENTURA LEGO 2;E1900024100000;AUSTRÁLIA;5002102;CINE DRIVEIN;211;;5465;6715;BRASÍLIA;DF;WARNER BROS. (SOUTH) INC.;33.015.827/0001-28;30000320000620;10/06/2020 03:10:28
18/05/2020;CREED II;CREED II;E1800555200000;ESTADOS UNIDOS;5002102;CINE DRIVEIN;98;;5465;6715;BRASÍLIA;DF;WARNER BROS. (SOUTH) INC.;33.015.827/0001-28;30000320000620;10/06/2020 03:10:28
18/05/2020;DOLITTLE;DOLITTLE;E1900437900000;ESTADOS UNIDOS;5006547;LITORAL PLAZA DRIVE-IN;54;6000027;22546;41704;PRAIA GRANDE;SP;UNIVERSAL PICTURES INTERNATIONAL BRAZIL LTDA.;24.810.280/0001-61;303970662000720;10/06/2020 03:07:33
18/05/2020;QUEEN OF SPADES: THROUGH THE LOOKING GLASS;A MALDIÇÃO DO ESPELHO;E1900574500000;RÚSSIA;5006547;LITORAL PLAZA DRIVE-IN;62;6000027;22546;41704;PRAIA GRANDE;SP;SM DISTRIBUIDORA DE FILMES LTDA;08.257.054/0001-49;30011026000620;11/09/2020 15:32:24
18/05/2020;SONIC THE HEDGEHOG;SONIC - O FILME;E2000012200000;CANADÁ;5002102;CINE DRIVEIN;114;;5465;6715;BRASÍLIA;DF;PARAMOUNT PICTURES BRASIL DISTRIBUIDORA DE FILMES LTDA;27.654.722/0001-16;30004041000520;10/06/2020 03:09:33
18/05/2020;THE LEGO MOVIE 2: THE SECOND PART;UMA AVENTURA LEGO 2;E1900024100000;AUSTRÁLIA;5002102;CINE DRIVEIN;121;;5465;6715;BRASÍLIA;DF;WARNER BROS. (SOUTH) INC.;33.015.827/0001-28;30000320000620;10/06/2020 03:10:28
19/05/2020;CREED II;CREED II;E1800555200000;ESTADOS UNIDOS;5002102;CINE DRIVEIN;100;;5465;6715;BRASÍLIA;DF;WARNER BROS. (SOUTH) INC.;33.015.827/0001-28;30000320000620;10/06/2020 03:10:28
19/05/2020;DOLITTLE;DOLITTLE;E1900437900000;ESTADOS UNIDOS;5006547;LITORAL PLAZA DRIVE-IN;54;6000027;22546;41704;PRAIA GRANDE;SP;UNIVERSAL PICTURES INTERNATIONAL BRAZIL LTDA.;24.810.280/0001-61;303970662000720;10/06/2020 03:07:33
19/05/2020;QUEEN OF SPADES: THROUGH THE LOOKING GLASS;A MALDIÇÃO DO ESPELHO;E1900574500000;RÚSSIA;5006547;LITORAL PLAZA DRIVE-IN;36;6000027;22546;41704;PRAIA GRANDE;SP;SM DISTRIBUIDORA DE FILMES LTDA;08.257.054/0001-49;30011026000620;11/09/2020 15:32:24
19/05/2020;SONIC THE HEDGEHOG;SONIC - O FILME;E2000012200000;CANADÁ;5002102;CINE DRIVEIN;170;;5465;6715;BRASÍLIA;DF;PARAMOUNT PICTURES BRASIL DISTRIBUIDORA DE FILMES LTDA;27.654.722/0001-16;30004041000520;10/06/2020 03:09:33
19/05/2020;THE LEGO MOVIE 2: THE SECOND PART;UMA AVENTURA LEGO 2;E1900024100000;AUSTRÁLIA;5002102;CINE DRIVEIN;143;;5465;6715;BRASÍLIA;DF;WARNER BROS. (SOUTH) INC.;33.015.827/0001-28;30000320000620;10/06/2020 03:10:28
20/05/2020;CREED II;CREED II;E1800555200000;ESTADOS UNIDOS;5002102;CINE DRIVEIN;106;;5465;6715;BRASÍLIA;DF;WARNER BROS. (SOUTH) INC.;33.015.827/0001-28;30000320000620;10/06/2020 03:10:28
20/05/2020;DOLITTLE;DOLITTLE;E1900437900000;ESTADOS UNIDOS;5006547;LITORAL PLAZA DRIVE-IN;51;6000027;22546;41704;PRAIA GRANDE;SP;UNIVERSAL PICTURES INTERNATIONAL BRAZIL LTDA.;24.810.280/0001-61;303970662000720;10/06/2020 03:07:33
20/05/2020;QUEEN OF SPADES: THROUGH THE LOOKING GLASS;A MALDIÇÃO DO ESPELHO;E1900574500000;RÚSSIA;5006547;LITORAL PLAZA DRIVE-IN;60;6000027;22546;41704;PRAIA GRANDE;SP;SM DISTRIBUIDORA DE FILMES LTDA;08.257.054/0001-49;30011026000620;11/09/2020 15:32:24
20/05/2020;SONIC THE HEDGEHOG;SONIC - O FILME;E2000012200000;CANADÁ;5002102;CINE DRIVEIN;212;;5465;6715;BRASÍLIA;DF;PARAMOUNT PICTURES BRASIL DISTRIBUIDORA DE FILMES LTDA;27.654.722/0001-16;30004041000520;10/06/2020 03:09:33
20/05/2020;THE LEGO MOVIE 2: THE SECOND PART;UMA AVENTURA LEGO 2;E1900024100000;AUSTRÁLIA;5002102;CINE DRIVEIN;180;;5465;6715;BRASÍLIA;DF;WARNER BROS. (SOUTH) INC.;33.015.827/0001-28;30000320000620;10/06/2020 03:10:28
21/05/2020;JUMANJI: NEXT LEVEL;JUMANJI: PROXIMA FASE;E1900458100000;ESTADOS UNIDOS;5002102;CINE DRIVEIN;196;;5465;6715;BRASÍLIA;DF;COLUMBIA TRISTAR FILMES DO BRASIL LTDA;00.979.601/0001-98;30006058001120;10/06/2020 03:08:38
21/05/2020;MY SPY;APRENDIZ DE ESPIÃ;E1900289600000;ESTADOS UNIDOS;5006193;LITORAL PLAZA 01;278;6000027;22546;41704;PRAIA GRANDE;SP;DIAMOND FILMS DO BRASIL PRODUÇÃO E DISTRIBUIÇÃO AUDIOVISUAL LTDA.;17.095.184/0001-13;302480924000820;15/07/2020 15:44:18
21/05/2020;ONCE UPON A TIME IN HOLLYWOOD;ERA UMA VEZ EM HOLLYWOOD;E1900127300000;ESTADOS UNIDOS;5002102;CINE DRIVEIN;169;;5465;6715;BRASÍLIA;DF;COLUMBIA TRISTAR FILMES DO BRASIL LTDA;00.979.601/0001-98;30006058001120;10/06/2020 03:08:38
21/05/2020;OS PARÇAS 2;;B1900487100000;BRASIL;5006547;LITORAL PLAZA DRIVE-IN;22;6000027;22546;41704;PRAIA GRANDE;SP;SM DISTRIBUIDORA DE FILMES LTDA;08.257.054/0001-49;30011026000620;11/09/2020 15:32:24
21/05/2020;THE LEGO MOVIE 2: THE SECOND PART;UMA AVENTURA LEGO 2;E1900024100000;AUSTRÁLIA;5002102;CINE DRIVEIN;173;;5465;6715;BRASÍLIA;DF;WARNER BROS. (SOUTH) INC.;33.015.827/0001-28;30000320000620;10/06/2020 03:10:28
21/05/2020;THE TURNING;OS ÓRFÃOS;E1900570900000;ESTADOS UNIDOS;5006547;LITORAL PLAZA DRIVE-IN;20;6000027;22546;41704;PRAIA GRANDE;SP;UNIVERSAL PICTURES INTERNATIONAL BRAZIL LTDA.;24.810.280/0001-61;303970662000720;10/06/2020 03:07:33
22/05/2020;JUMANJI: NEXT LEVEL;JUMANJI: PROXIMA FASE;E1900458100000;ESTADOS UNIDOS;5002102;CINE DRIVEIN;296;;5465;6715;BRASÍLIA;DF;COLUMBIA TRISTAR FILMES DO BRASIL LTDA;00.979.601/0001-98;30006058001120;10/06/2020 03:08:38
22/05/2020;ONCE UPON A TIME IN HOLLYWOOD;ERA UMA VEZ EM HOLLYWOOD;E1900127300000;ESTADOS UNIDOS;5002102;CINE DRIVEIN;268;;5465;6715;BRASÍLIA;DF;COLUMBIA TRISTAR FILMES DO BRASIL LTDA;00.979.601/0001-98;30006058001120;10/06/2020 03:08:38
22/05/2020;OS PARÇAS 2;;B1900487100000;BRASIL;5006547;LITORAL PLAZA DRIVE-IN;34;6000027;22546;41704;PRAIA GRANDE;SP;SM DISTRIBUIDORA DE FILMES LTDA;08.257.054/0001-49;30011026000620;11/09/2020 15:32:24
22/05/2020;THE GRUDGE;O GRITO;E1900551300000;CANADÁ;5005024;CINE GLOBO SANTA ROSA;8;6000010;20979;29163;SANTA ROSA;RS;COLUMBIA TRISTAR FILMES DO BRASIL LTDA;00.979.601/0001-98;30006058001120;10/06/2020 03:08:38
22/05/2020;THE LEGO MOVIE 2: THE SECOND PART;UMA AVENTURA LEGO 2;E1900024100000;AUSTRÁLIA;5002102;CINE DRIVEIN;225;;5465;6715;BRASÍLIA;DF;WARNER BROS. (SOUTH) INC.;33.015.827/0001-28;30000320000620;10/06/2020 03:10:28
22/05/2020;THE NUN;A FREIRA;E1800306100000;ESTADOS UNIDOS;5005024;CINE GLOBO SANTA ROSA;15;6000010;20979;29163;SANTA ROSA;RS;WARNER BROS. (SOUTH) INC.;33.015.827/0001-28;30000320000620;10/06/2020 03:10:28
22/05/2020;THE TURNING;OS ÓRFÃOS;E1900570900000;ESTADOS UNIDOS;5006547;LITORAL PLAZA DRIVE-IN;38;6000027;22546;41704;PRAIA GRANDE;SP;UNIVERSAL PICTURES INTERNATIONAL BRAZIL LTDA.;24.810.280/0001-61;303970662000720;10/06/2020 03:07:33
23/05/2020;BLOODSHOT;BLOODSHOT;E1900579400000;ESTADOS UNIDOS;5005024;CINE GLOBO SANTA ROSA;23;6000010;20979;29163;SANTA ROSA;RS;COLUMBIA TRISTAR FILMES DO BRASIL LTDA;00.979.601/0001-98;30006058001120;10/06/2020 03:08:38
23/05/2020;JUMANJI: NEXT LEVEL;JUMANJI: PROXIMA FASE;E1900458100000;ESTADOS UNIDOS;5002102;CINE DRIVEIN;383;;5465;6715;BRASÍLIA;DF;COLUMBIA TRISTAR FILMES DO BRASIL LTDA;00.979.601/0001-98;30006058001120;10/06/2020 03:08:38
23/05/2020;ONCE UPON A TIME IN HOLLYWOOD;ERA UMA VEZ EM HOLLYWOOD;E1900127300000;ESTADOS UNIDOS;5002102;CINE DRIVEIN;319;;5465;6715;BRASÍLIA;DF;COLUMBIA TRISTAR FILMES DO BRASIL LTDA;00.979.601/0001-98;30006058001120;10/06/2020 03:08:38
23/05/2020;OS PARÇAS 2;;B1900487100000;BRASIL;5006547;LITORAL PLAZA DRIVE-IN;49;6000027;22546;41704;PRAIA GRANDE;SP;SM DISTRIBUIDORA DE FILMES LTDA;08.257.054/0001-49;30011026000620;11/09/2020 15:32:24
23/05/2020;THE GRUDGE;O GRITO;E1900551300000;CANADÁ;5005024;CINE GLOBO SANTA ROSA;12;6000010;20979;29163;SANTA ROSA;RS;COLUMBIA TRISTAR FILMES DO BRASIL LTDA;00.979.601/0001-98;30006058001120;10/06/2020 03:08:38
23/05/2020;THE LEGO MOVIE 2: THE SECOND PART;UMA AVENTURA LEGO 2;E1900024100000;AUSTRÁLIA;5002102;CINE DRIVEIN;294;;5465;6715;BRASÍLIA;DF;WARNER BROS. (SOUTH) INC.;33.015.827/0001-28;30000320000620;10/06/2020 03:10:28
23/05/2020;THE NUN;A FREIRA;E1800306100000;ESTADOS UNIDOS;5005024;CINE GLOBO SANTA ROSA;4;6000010;20979;29163;SANTA ROSA;RS;WARNER BROS. (SOUTH) INC.;33.015.827/0001-28;30000320000620;10/06/2020 03:10:28
23/05/2020;THE TURNING;OS ÓRFÃOS;E1900570900000;ESTADOS UNIDOS;5006547;LITORAL PLAZA DRIVE-IN;65;6000027;22546;41704;PRAIA GRANDE;SP;UNIVERSAL PICTURES INTERNATIONAL BRAZIL LTDA.;24.810.280/0001-61;303970662000720;10/06/2020 03:07:33
24/05/2020;BLOODSHOT;BLOODSHOT;E1900579400000;ESTADOS UNIDOS;5005024;CINE GLOBO SANTA ROSA;6;6000010;20979;29163;SANTA ROSA;RS;COLUMBIA TRISTAR FILMES DO BRASIL LTDA;00.979.601/0001-98;30006058001120;10/06/2020 03:08:38
24/05/2020;DOCTOR SLEEP;DOUTOR SONO;E1900463600000;ESTADOS UNIDOS;5006553;CINE PRIME URUGUAIANA DRIVE-IN;59;6000110;43318;43979;URUGUAIANA;RS;WARNER BROS. (SOUTH) INC.;33.015.827/0001-28;30000320000620;10/06/2020 03:10:28
24/05/2020;JOKER;CORINGA;E1900357300000;CANADÁ;5006553;CINE PRIME URUGUAIANA DRIVE-IN;81;6000110;43318;43979;URUGUAIANA;RS;WARNER BROS. (SOUTH) INC.;33.015.827/0001-28;30000320000620;10/06/2020 03:10:28
24/05/2020;JUMANJI: NEXT LEVEL;JUMANJI: PROXIMA FASE;E1900458100000;ESTADOS UNIDOS;5002102;CINE DRIVEIN;303;;5465;6715;BRASÍLIA;DF;COLUMBIA TRISTAR FILMES DO BRASIL LTDA;00.979.601/0001-98;30006058001120;10/06/2020 03:08:38
24/05/2020;ONCE UPON A TIME IN HOLLYWOOD;ERA UMA VEZ EM HOLLYWOOD;E1900127300000;ESTADOS UNIDOS;5002102;CINE DRIVEIN;271;;5465;6715;BRASÍLIA;DF;COLUMBIA TRISTAR FILMES DO BRASIL LTDA;00.979.601/0001-98;30006058001120;10/06/2020 03:08:38
24/05/2020;OS PARÇAS 2;;B1900487100000;BRASIL;5006547;LITORAL PLAZA DRIVE-IN;52;6000027;22546;41704;PRAIA GRANDE;SP;SM DISTRIBUIDORA DE FILMES LTDA;08.257.054/0001-49;30011026000620;11/09/2020 15:32:24
24/05/2020;THE GRUDGE;O GRITO;E1900551300000;CANADÁ;5005024;CINE GLOBO SANTA ROSA;19;6000010;20979;29163;SANTA ROSA;RS;COLUMBIA TRISTAR FILMES DO BRASIL LTDA;00.979.601/0001-98;30006058001120;10/06/2020 03:08:38
24/05/2020;THE LEGO MOVIE 2: THE SECOND PART;UMA AVENTURA LEGO 2;E1900024100000;AUSTRÁLIA;5002102;CINE DRIVEIN;254;;5465;6715;BRASÍLIA;DF;WARNER BROS. (SOUTH) INC.;33.015.827/0001-28;30000320000620;10/06/2020 03:10:28
24/05/2020;THE NUN;A FREIRA;E1800306100000;ESTADOS UNIDOS;5005024;CINE GLOBO SANTA ROSA;6;6000010;20979;29163;SANTA ROSA;RS;WARNER BROS. (SOUTH) INC.;33.015.827/0001-28;30000320000620;10/06/2020 03:10:28
24/05/2020;THE TURNING;OS ÓRFÃOS;E1900570900000;ESTADOS UNIDOS;5006547;LITORAL PLAZA DRIVE-IN;41;6000027;22546;41704;PRAIA GRANDE;SP;UNIVERSAL PICTURES INTERNATIONAL BRAZIL LTDA.;24.810.280/0001-61;303970662000720;10/06/2020 03:07:33
25/05/2020;JUMANJI: NEXT LEVEL;JUMANJI: PROXIMA FASE;E1900458100000;ESTADOS UNIDOS;5002102;CINE DRIVEIN;172;;5465;6715;BRASÍLIA;DF;COLUMBIA TRISTAR FILMES DO BRASIL LTDA;00.979.601/0001-98;30006058001120;10/06/2020 03:08:38
25/05/2020;ONCE UPON A TIME IN HOLLYWOOD;ERA UMA VEZ EM HOLLYWOOD;E1900127300000;ESTADOS UNIDOS;5002102;CINE DRIVEIN;99;;5465;6715;BRASÍLIA;DF;COLUMBIA TRISTAR FILMES DO BRASIL LTDA;00.979.601/0001-98;30006058001120;10/06/2020 03:08:38
25/05/2020;OS PARÇAS 2;;B1900487100000;BRASIL;5006547;LITORAL PLAZA DRIVE-IN;22;6000027;22546;41704;PRAIA GRANDE;SP;SM DISTRIBUIDORA DE FILMES LTDA;08.257.054/0001-49;30011026000620;11/09/2020 15:32:24
25/05/2020;THE LEGO MOVIE 2: THE SECOND PART;UMA AVENTURA LEGO 2;E1900024100000;AUSTRÁLIA;5002102;CINE DRIVEIN;109;;5465;6715;BRASÍLIA;DF;WARNER BROS. (SOUTH) INC.;33.015.827/0001-28;30000320000620;10/06/2020 03:10:28
25/05/2020;THE TURNING;OS ÓRFÃOS;E1900570900000;ESTADOS UNIDOS;5006547;LITORAL PLAZA DRIVE-IN;54;6000027;22546;41704;PRAIA GRANDE;SP;UNIVERSAL PICTURES INTERNATIONAL BRAZIL LTDA.;24.810.280/0001-61;303970662000720;10/06/2020 03:07:33
26/05/2020;JUMANJI: NEXT LEVEL;JUMANJI: PROXIMA FASE;E1900458100000;ESTADOS UNIDOS;5002102;CINE DRIVEIN;236;;5465;6715;BRASÍLIA;DF;COLUMBIA TRISTAR FILMES DO BRASIL LTDA;00.979.601/0001-98;30006058001120;10/06/2020 03:08:38
26/05/2020;ONCE UPON A TIME IN HOLLYWOOD;ERA UMA VEZ EM HOLLYWOOD;E1900127300000;ESTADOS UNIDOS;5002102;CINE DRIVEIN;203;;5465;6715;BRASÍLIA;DF;COLUMBIA TRISTAR FILMES DO BRASIL LTDA;00.979.601/0001-98;30006058001120;10/06/2020 03:08:38
26/05/2020;OS PARÇAS 2;;B1900487100000;BRASIL;5006547;LITORAL PLAZA DRIVE-IN;16;6000027;22546;41704;PRAIA GRANDE;SP;SM DISTRIBUIDORA DE FILMES LTDA;08.257.054/0001-49;30011026000620;11/09/2020 15:32:24
26/05/2020;THE LEGO MOVIE 2: THE SECOND PART;UMA AVENTURA LEGO 2;E1900024100000;AUSTRÁLIA;5002102;CINE DRIVEIN;122;;5465;6715;BRASÍLIA;DF;WARNER BROS. (SOUTH) INC.;33.015.827/0001-28;30000320000620;10/06/2020 03:10:28
26/05/2020;THE TURNING;OS ÓRFÃOS;E1900570900000;ESTADOS UNIDOS;5006547;LITORAL PLAZA DRIVE-IN;36;6000027;22546;41704;PRAIA GRANDE;SP;UNIVERSAL PICTURES INTERNATIONAL BRAZIL LTDA.;24.810.280/0001-61;303970662000720;10/06/2020 03:07:33
27/05/2020;JUMANJI: NEXT LEVEL;JUMANJI: PROXIMA FASE;E1900458100000;ESTADOS UNIDOS;5002102;CINE DRIVEIN;249;;5465;6715;BRASÍLIA;DF;COLUMBIA TRISTAR FILMES DO BRASIL LTDA;00.979.601/0001-98;30006058001120;10/06/2020 03:08:38
27/05/2020;ONCE UPON A TIME IN HOLLYWOOD;ERA UMA VEZ EM HOLLYWOOD;E1900127300000;ESTADOS UNIDOS;5002102;CINE DRIVEIN;224;;5465;6715;BRASÍLIA;DF;COLUMBIA TRISTAR FILMES DO BRASIL LTDA;00.979.601/0001-98;30006058001120;10/06/2020 03:08:38
27/05/2020;OS PARÇAS 2;;B1900487100000;BRASIL;5006547;LITORAL PLAZA DRIVE-IN;44;6000027;22546;41704;PRAIA GRANDE;SP;SM DISTRIBUIDORA DE FILMES LTDA;08.257.054/0001-49;30011026000620;11/09/2020 15:32:24
27/05/2020;THE LEGO MOVIE 2: THE SECOND PART;UMA AVENTURA LEGO 2;E1900024100000;AUSTRÁLIA;5002102;CINE DRIVEIN;110;;5465;6715;BRASÍLIA;DF;WARNER BROS. (SOUTH) INC.;33.015.827/0001-28;30000320000620;10/06/2020 03:10:28
27/05/2020;THE TURNING;OS ÓRFÃOS;E1900570900000;ESTADOS UNIDOS;5006547;LITORAL PLAZA DRIVE-IN;15;6000027;22546;41704;PRAIA GRANDE;SP;UNIVERSAL PICTURES INTERNATIONAL BRAZIL LTDA.;24.810.280/0001-61;303970662000720;10/06/2020 03:07:33
28/05/2020;JOHN WICK 3: PARABELLUM;JOHN WICK 3: PARABELLUM;E1900126300000;ESTADOS UNIDOS;5006547;LITORAL PLAZA DRIVE-IN;24;6000027;22546;41704;PRAIA GRANDE;SP;SM DISTRIBUIDORA DE FILMES LTDA;08.257.054/0001-49;30011026000620;11/09/2020 15:32:24
28/05/2020;JUMANJI: NEXT LEVEL;JUMANJI: PROXIMA FASE;E1900458100000;ESTADOS UNIDOS;5002102;CINE DRIVEIN;179;;5465;6715;BRASÍLIA;DF;COLUMBIA TRISTAR FILMES DO BRASIL LTDA;00.979.601/0001-98;30006058001120;10/06/2020 03:08:38
28/05/2020;SONIC THE HEDGEHOG;SONIC - O FILME;E2000012200000;CANADÁ;5006550;CINEPLUS FAZENDA DRIVE-IN;4;6000023;36183;36184;FAZENDA RIO GRANDE;PR;PARAMOUNT PICTURES BRASIL DISTRIBUIDORA DE FILMES LTDA;27.654.722/0001-16;30004041000520;10/06/2020 03:09:33
28/05/2020;THE CURSE OF LA LLORONA;A MALDIÇÃO DA CHORONA;E1800606100000;ESTADOS UNIDOS;5006547;LITORAL PLAZA DRIVE-IN;13;6000027;22546;41704;PRAIA GRANDE;SP;WARNER BROS. (SOUTH) INC.;33.015.827/0001-28;30000320000620;10/06/2020 03:10:28
28/05/2020;THE GOOD LIAR;A GRANDE MENTIRA;E1900062800000;ESTADOS UNIDOS;5002102;CINE DRIVEIN;213;;5465;6715;BRASÍLIA;DF;WARNER BROS. (SOUTH) INC.;33.015.827/0001-28;30000320000620;10/06/2020 03:10:28
28/05/2020;THE GRUDGE;O GRITO;E1900551300000;CANADÁ;5006550;CINEPLUS FAZENDA DRIVE-IN;6;6000023;36183;36184;FAZENDA RIO GRANDE;PR;COLUMBIA TRISTAR FILMES DO BRASIL LTDA;00.979.601/0001-98;30006058001120;10/06/2020 03:08:38
28/05/2020;WONDER PARK;O PARQUE DOS SONHOS;E1900025300000;ESTADOS UNIDOS;5002102;CINE DRIVEIN;196;;5465;6715;BRASÍLIA;DF;PARAMOUNT PICTURES BRASIL DISTRIBUIDORA DE FILMES LTDA;27.654.722/0001-16;30004041000520;10/06/2020 03:09:33
29/05/2020;JOHN WICK 3: PARABELLUM;JOHN WICK 3: PARABELLUM;E1900126300000;ESTADOS UNIDOS;5006547;LITORAL PLAZA DRIVE-IN;42;6000027;22546;41704;PRAIA GRANDE;SP;SM DISTRIBUIDORA DE FILMES LTDA;08.257.054/0001-49;30011026000620;11/09/2020 15:32:24
29/05/2020;JUMANJI: NEXT LEVEL;JUMANJI: PROXIMA FASE;E1900458100000;ESTADOS UNIDOS;5002102;CINE DRIVEIN;306;;5465;6715;BRASÍLIA;DF;COLUMBIA TRISTAR FILMES DO BRASIL LTDA;00.979.601/0001-98;30006058001120;10/06/2020 03:08:38
29/05/2020;SONIC THE HEDGEHOG;SONIC - O FILME;E2000012200000;CANADÁ;5006553;CINE PRIME URUGUAIANA DRIVE-IN;11;6000110;43318;43979;URUGUAIANA;RS;PARAMOUNT PICTURES BRASIL DISTRIBUIDORA DE FILMES LTDA;27.654.722/0001-16;30004041000520;10/06/2020 03:09:33
29/05/2020;SONIC THE HEDGEHOG;SONIC - O FILME;E2000012200000;CANADÁ;5006550;CINEPLUS FAZENDA DRIVE-IN;5;6000023;36183;36184;FAZENDA RIO GRANDE;PR;PARAMOUNT PICTURES BRASIL DISTRIBUIDORA DE FILMES LTDA;27.654.722/0001-16;30004041000520;10/06/2020 03:09:33
29/05/2020;THE CURSE OF LA LLORONA;A MALDIÇÃO DA CHORONA;E1800606100000;ESTADOS UNIDOS;5006547;LITORAL PLAZA DRIVE-IN;35;6000027;22546;41704;PRAIA GRANDE;SP;WARNER BROS. (SOUTH) INC.;33.015.827/0001-28;30000320000620;10/06/2020 03:10:28
29/05/2020;THE GOOD LIAR;A GRANDE MENTIRA;E1900062800000;ESTADOS UNIDOS;5002102;CINE DRIVEIN;317;;5465;6715;BRASÍLIA;DF;WARNER BROS. (SOUTH) INC.;33.015.827/0001-28;30000320000620;10/06/2020 03:10:28
29/05/2020;THE GRUDGE;O GRITO;E1900551300000;CANADÁ;5005024;CINE GLOBO SANTA ROSA;16;6000010;20979;29163;SANTA ROSA;RS;COLUMBIA TRISTAR FILMES DO BRASIL LTDA;00.979.601/0001-98;30006058001120;10/06/2020 03:08:38
29/05/2020;THE GRUDGE;O GRITO;E1900551300000;CANADÁ;5006553;CINE PRIME URUGUAIANA DRIVE-IN;31;6000110;43318;43979;URUGUAIANA;RS;COLUMBIA TRISTAR FILMES DO BRASIL LTDA;00.979.601/0001-98;30006058001120;10/06/2020 03:08:38
29/05/2020;THE GRUDGE;O GRITO;E1900551300000;CANADÁ;5006550;CINEPLUS FAZENDA DRIVE-IN;9;6000023;36183;36184;FAZENDA RIO GRANDE;PR;COLUMBIA TRISTAR FILMES DO BRASIL LTDA;00.979.601/0001-98;30006058001120;10/06/2020 03:08:38
29/05/2020;THE NUN;A FREIRA;E1800306100000;ESTADOS UNIDOS;5005024;CINE GLOBO SANTA ROSA;12;6000010;20979;29163;SANTA ROSA;RS;WARNER BROS. (SOUTH) INC.;33.015.827/0001-28;30000320000620;10/06/2020 03:10:28
29/05/2020;WONDER PARK;O PARQUE DOS SONHOS;E1900025300000;ESTADOS UNIDOS;5002102;CINE DRIVEIN;292;;5465;6715;BRASÍLIA;DF;PARAMOUNT PICTURES BRASIL DISTRIBUIDORA DE FILMES LTDA;27.654.722/0001-16;30004041000520;10/06/2020 03:09:33
30/05/2020;BLOODSHOT;BLOODSHOT;E1900579400000;ESTADOS UNIDOS;5005024;CINE GLOBO SANTA ROSA;14;6000010;20979;29163;SANTA ROSA;RS;COLUMBIA TRISTAR FILMES DO BRASIL LTDA;00.979.601/0001-98;30006058001120;10/06/2020 03:08:38
30/05/2020;JOHN WICK 3: PARABELLUM;JOHN WICK 3: PARABELLUM;E1900126300000;ESTADOS UNIDOS;5006547;LITORAL PLAZA DRIVE-IN;89;6000027;22546;41704;PRAIA GRANDE;SP;SM DISTRIBUIDORA DE FILMES LTDA;08.257.054/0001-49;30011026000620;11/09/2020 15:32:24
30/05/2020;SONIC THE HEDGEHOG;SONIC - O FILME;E2000012200000;CANADÁ;5006553;CINE PRIME URUGUAIANA DRIVE-IN;16;6000110;43318;43979;URUGUAIANA;RS;PARAMOUNT PICTURES BRASIL DISTRIBUIDORA DE FILMES LTDA;27.654.722/0001-16;30004041000520;10/06/2020 03:09:33
30/05/2020;SONIC THE HEDGEHOG;SONIC - O FILME;E2000012200000;CANADÁ;5006550;CINEPLUS FAZENDA DRIVE-IN;8;6000023;36183;36184;FAZENDA RIO GRANDE;PR;PARAMOUNT PICTURES BRASIL DISTRIBUIDORA DE FILMES LTDA;27.654.722/0001-16;30004041000520;10/06/2020 03:09:33
30/05/2020;THE CURSE OF LA LLORONA;A MALDIÇÃO DA CHORONA;E1800606100000;ESTADOS UNIDOS;5006547;LITORAL PLAZA DRIVE-IN;83;6000027;22546;41704;PRAIA GRANDE;SP;WARNER BROS. (SOUTH) INC.;33.015.827/0001-28;30000320000620;10/06/2020 03:10:28
30/05/2020;THE GRUDGE;O GRITO;E1900551300000;CANADÁ;5005024;CINE GLOBO SANTA ROSA;28;6000010;20979;29163;SANTA ROSA;RS;COLUMBIA TRISTAR FILMES DO BRASIL LTDA;00.979.601/0001-98;30006058001120;10/06/2020 03:08:38
30/05/2020;THE GRUDGE;O GRITO;E1900551300000;CANADÁ;5006553;CINE PRIME URUGUAIANA DRIVE-IN;19;6000110;43318;43979;URUGUAIANA;RS;COLUMBIA TRISTAR FILMES DO BRASIL LTDA;00.979.601/0001-98;30006058001120;10/06/2020 03:08:38
30/05/2020;THE GRUDGE;O GRITO;E1900551300000;CANADÁ;5006550;CINEPLUS FAZENDA DRIVE-IN;12;6000023;36183;36184;FAZENDA RIO GRANDE;PR;COLUMBIA TRISTAR FILMES DO BRASIL LTDA;00.979.601/0001-98;30006058001120;10/06/2020 03:08:38
30/05/2020;THE NUN;A FREIRA;E1800306100000;ESTADOS UNIDOS;5005024;CINE GLOBO SANTA ROSA;2;6000010;20979;29163;SANTA ROSA;RS;WARNER BROS. (SOUTH) INC.;33.015.827/0001-28;30000320000620;10/06/2020 03:10:28
31/05/2020;BLOODSHOT;BLOODSHOT;E1900579400000;ESTADOS UNIDOS;5005024;CINE GLOBO SANTA ROSA;8;6000010;20979;29163;SANTA ROSA;RS;COLUMBIA TRISTAR FILMES DO BRASIL LTDA;00.979.601/0001-98;30006058001120;10/06/2020 03:08:38
31/05/2020;JOHN WICK 3: PARABELLUM;JOHN WICK 3: PARABELLUM;E1900126300000;ESTADOS UNIDOS;5006547;LITORAL PLAZA DRIVE-IN;59;6000027;22546;41704;PRAIA GRANDE;SP;SM DISTRIBUIDORA DE FILMES LTDA;08.257.054/0001-49;30011026000620;11/09/2020 15:32:24
31/05/2020;JUMANJI: NEXT LEVEL;JUMANJI: PROXIMA FASE;E1900458100000;ESTADOS UNIDOS;5002102;CINE DRIVEIN;343;;5465;6715;BRASÍLIA;DF;COLUMBIA TRISTAR FILMES DO BRASIL LTDA;00.979.601/0001-98;30006058001120;10/06/2020 03:08:38
31/05/2020;SONIC THE HEDGEHOG;SONIC - O FILME;E2000012200000;CANADÁ;5006553;CINE PRIME URUGUAIANA DRIVE-IN;8;6000110;43318;43979;URUGUAIANA;RS;PARAMOUNT PICTURES BRASIL DISTRIBUIDORA DE FILMES LTDA;27.654.722/0001-16;30004041000520;10/06/2020 03:09:33
31/05/2020;SONIC THE HEDGEHOG;SONIC - O FILME;E2000012200000;CANADÁ;5006550;CINEPLUS FAZENDA DRIVE-IN;11;6000023;36183;36184;FAZENDA RIO GRANDE;PR;PARAMOUNT PICTURES BRASIL DISTRIBUIDORA DE FILMES LTDA;27.654.722/0001-16;30004041000520;10/06/2020 03:09:33
31/05/2020;THE CURSE OF LA LLORONA;A MALDIÇÃO DA CHORONA;E1800606100000;ESTADOS UNIDOS;5006547;LITORAL PLAZA DRIVE-IN;34;6000027;22546;41704;PRAIA GRANDE;SP;WARNER BROS. (SOUTH) INC.;33.015.827/0001-28;30000320000620;10/06/2020 03:10:28
31/05/2020;THE GOOD LIAR;A GRANDE MENTIRA;E1900062800000;ESTADOS UNIDOS;5002102;CINE DRIVEIN;257;;5465;6715;BRASÍLIA;DF;WARNER BROS. (SOUTH) INC.;33.015.827/0001-28;30000320000620;10/06/2020 03:10:28
31/05/2020;THE GRUDGE;O GRITO;E1900551300000;CANADÁ;5005024;CINE GLOBO SANTA ROSA;11;6000010;20979;29163;SANTA ROSA;RS;COLUMBIA TRISTAR FILMES DO BRASIL LTDA;00.979.601/0001-98;30006058001120;10/06/2020 03:08:38
31/05/2020;THE GRUDGE;O GRITO;E1900551300000;CANADÁ;5006553;CINE PRIME URUGUAIANA DRIVE-IN;34;6000110;43318;43979;URUGUAIANA;RS;COLUMBIA TRISTAR FILMES DO BRASIL LTDA;00.979.601/0001-98;30006058001120;10/06/2020 03:08:38
31/05/2020;THE GRUDGE;O GRITO;E1900551300000;CANADÁ;5006550;CINEPLUS FAZENDA DRIVE-IN;10;6000023;36183;36184;FAZENDA RIO GRANDE;PR;COLUMBIA TRISTAR FILMES DO BRASIL LTDA;00.979.601/0001-98;30006058001120;10/06/2020 03:08:38
31/05/2020;THE NUN;A FREIRA;E1800306100000;ESTADOS UNIDOS;5005024;CINE GLOBO SANTA ROSA;2;6000010;20979;29163;SANTA ROSA;RS;WARNER BROS. (SOUTH) INC.;33.015.827/0001-28;30000320000620;10/06/2020 03:10:28
31/05/2020;WONDER PARK;O PARQUE DOS SONHOS;E1900025300000;ESTADOS UNIDOS;5002102;CINE DRIVEIN;321;;5465;6715;BRASÍLIA;DF;PARAMOUNT PICTURES BRASIL DISTRIBUIDORA DE FILMES LTDA;27.654.722/0001-16;30004041000520;10/06/2020 03:09:33
